modalidad,ratio_heridos_por_accidente,ratio_heridos_por_accidente_redondeado
CHOQUE,1.4612199834391388,1.46
DESPISTE,1.2778793418647167,1.28
N.I.,1.0357142857142858,1.04
VOLCADURA,1.0,1.0
ATROPELLO,0.6620498614958449,0.66
ESPECIAL,0.4731182795698925,0.47
